<bc_settings>
  <preferences>
    <key name="Settings">
      <int_val name="ShowOnStartup" value="2"/>
    
      <bool_val name="AutoSave" value="1"/>
    
      <bool_val name="Recycle" value="0"/>
    
      <bool_val name="SyncUseSelection" value="0"/>
    
      <bool_val name="SyncCreateEmpty" value="1"/>
    
      <bool_val name="SyncDisplayFilters" value="1"/>
    
      <bool_val name="Hints" value="1"/>
    
      <bool_val name="ConfirmFileCopy" value="1"/>
    
      <bool_val name="ConfirmFileMove" value="1"/>
    
      <bool_val name="ConfirmFolderCreate" value="1"/>
    
      <bool_val name="ConfirmReadonly" value="1"/>
    
      <bool_val name="ConfirmOverwriteSysFile" value="1"/>
    
      <bool_val name="ConfirmMoveOverExisting" value="1"/>
    
      <bool_val name="ConfirmCopyOverNewer" value="1"/>
    
      <bool_val name="ConfirmContentCompare" value="1"/>
    
      <bool_val name="ConfirmFileCompare" value="0"/>
    
      <bool_val name="BackupOnCopy" value="0"/>
    
      <bool_val name="BackupOnSave" value="0"/>
    
      <bool_val name="AudibleNotice" value="0"/>
    
      <bool_val name="StripCDReadonly" value="0"/>
    
      <bool_val name="UseIndy9" value="0"/>
    
      <int_val name="Tip_0" value="-6"/>
    
      <bool_val name="AllowMultipleViewers" value="1"/>
    
      <bool_val name="AllowMultiInstances" value="1"/>
    
      <int_val name="LastCompareType" value="3"/>
    
      <int_val name="LastPathType" value="1"/>
    
      <int_val name="WalkMode" value="2"/>
    
      <bool_val name="WalkBeep" value="0"/>
    
      <bool_val name="WalkConfirm" value="1"/>
    
      <bool_val name="WalkSection" value="1"/>
    
      <bool_val name="WalkSelect" value="0"/>
    
      <bool_val name="Walk1Folder" value="1"/>
    
      <str_val name="BackupMask" value="*.*;$2$4.~$3"/>
    
      <str_val name="BackupPath" value=""/>
    
      <int_val name="StreamCacheSize" value="4194304"/>
    
      <int_val name="LastSync" value="0"/>
    
      <str_val name="Font" value="icon"/>
    
      <int_val name="LogMode" value="1"/>
    
      <str_val name="LogFile" value=""/>
    
      <int_val name="FileOnlyCompare" value="2"/>
    
      <bool_val name="FileOnlySkipOnMismatch" value="0"/>
    
      <int_val name="BeepType" value="0"/>
    
      <str_val name="ArchiveMasks" value="*.zip;*.gz;*.tgz;*.tar;*.cab;*.jar;*.ear;*.war"/>
    
      <bool_val name="ViewersInExplorer" value="1"/>
    
      <str_val name="SharedSessions" value=""/>
    
      <int_val name="MRUSize" value="9"/>
    
      <bool_val name="SccSilentCheckout" value="0"/>
    
      <int_val name="ConfigMode" value="4"/>
    
      <str_val name="SyncRight" value="0022224101"/>
    
      <str_val name="SyncLeft" value="0000101100"/>
    
      <int_val name="SyncInteractive" value="0"/>
    </key>
  
    <key name="FolderViewer">
      <str_val name="Font" value=""/>
    
      <int_val name="MatchingColor" value="0"/>
    
      <int_val name="OlderThanColor" value="8421376"/>
    
      <int_val name="OrphanColor" value="16711680"/>
    
      <int_val name="NewerColor" value="255"/>
    
      <int_val name="OlderColor" value="8421504"/>
    
      <int_val name="FolderStampColor" value="12632256"/>
    
      <int_val name="BGColor" value="-16777211"/>
    
      <int_val name="SelectedBG" value="13434828"/>
    
      <bool_val name="ClassicIcons" value="1"/>
    
      <bool_val name="UseStripes" value="1"/>
    
      <int_val name="StripeColor" value="15792368"/>
    
      <int_val name="LogColor" value="13295817"/>
    
      <bool_val name="ColoredFolders" value="0"/>
    
      <int_val name="DisplayFilterStyle" value="0"/>
    
      <int_val name="DisplayFilters" value="0"/>
    
      <bool_val name="ShowEmpties" value="1"/>
    
      <bool_val name="SimilarAreExact" value="0"/>
    
      <key name="Menu">
        <int_val name="DontHideEmpties" value="50266112"/>
      
        <int_val name="IgnoreUnimportant" value="50266112"/>
      
        <int_val name="CopyToFolder" value="50266112"/>
      
        <int_val name="Snapshot" value="50266112"/>
      
        <int_val name="SessionPicker" value="50266112"/>
      
        <int_val name="SaveSessionAs" value="50266112"/>
      
        <int_val name="SuppressFilters" value="50266112"/>
      </key>
    
      <key name="Toolbars">
        <key name="ActionBar">
          <int_val name="Labels" value="1"/>
        
          <str_val name="Rev" value="2000"/>
        
          <str_val name="Visible" value="1"/>
        
          <str_val name="DockedTo" value="TBDock1"/>
        
          <str_val name="LastDock" value="TBDock1"/>
        
          <str_val name="DockRow" value="1"/>
        
          <str_val name="DockPos" value="227"/>
        
          <str_val name="FloatLeft" value="0"/>
        
          <str_val name="FloatTop" value="0"/>
        
          <str_val name="FloatRightX" value="0"/>
        </key>
      
        <key name="DisplayFilterBar">
          <str_val name="Rev" value="2000"/>
        
          <str_val name="Visible" value="1"/>
        
          <str_val name="DockedTo" value="TBDock1"/>
        
          <str_val name="LastDock" value="TBDock1"/>
        
          <str_val name="DockRow" value="1"/>
        
          <str_val name="DockPos" value="0"/>
        
          <str_val name="FloatLeft" value="0"/>
        
          <str_val name="FloatTop" value="0"/>
        
          <str_val name="FloatRightX" value="0"/>
        </key>
      
        <key name="FileFilterBar">
          <int_val name="Labels" value="1"/>
        
          <str_val name="Rev" value="2000"/>
        
          <str_val name="Visible" value="1"/>
        
          <str_val name="DockedTo" value="TBDock1"/>
        
          <str_val name="LastDock" value="TBDock1"/>
        
          <str_val name="DockRow" value="1"/>
        
          <str_val name="DockPos" value="832"/>
        
          <str_val name="FloatLeft" value="0"/>
        
          <str_val name="FloatTop" value="0"/>
        
          <str_val name="FloatRightX" value="0"/>
        </key>
      
        <key name="MainMenuBar">
          <str_val name="Rev" value="2000"/>
        
          <str_val name="Visible" value="1"/>
        
          <str_val name="DockedTo" value="TBDock1"/>
        
          <str_val name="LastDock" value="TBDock1"/>
        
          <str_val name="DockRow" value="0"/>
        
          <str_val name="DockPos" value="0"/>
        
          <str_val name="FloatLeft" value="0"/>
        
          <str_val name="FloatTop" value="0"/>
        
          <str_val name="FloatRightX" value="0"/>
        </key>
      
        <key name="PathBar">
          <str_val name="Rev" value="2000"/>
        
          <str_val name="Visible" value="1"/>
        
          <str_val name="DockedTo" value="PathDock"/>
        
          <str_val name="LastDock" value="PathDock"/>
        
          <str_val name="DockRow" value="0"/>
        
          <str_val name="DockPos" value="0"/>
        
          <str_val name="FloatLeft" value="0"/>
        
          <str_val name="FloatTop" value="0"/>
        
          <str_val name="FloatRightX" value="0"/>
        </key>
      
        <key name="SessionBar">
          <int_val name="Labels" value="1"/>
        
          <str_val name="Rev" value="2000"/>
        
          <str_val name="Visible" value="0"/>
        
          <str_val name="DockedTo" value="TBDock1"/>
        
          <str_val name="LastDock" value="TBDock1"/>
        
          <str_val name="DockRow" value="1"/>
        
          <str_val name="DockPos" value="0"/>
        
          <str_val name="FloatLeft" value="0"/>
        
          <str_val name="FloatTop" value="0"/>
        
          <str_val name="FloatRightX" value="0"/>
        </key>
      
        <key name="ViewBar">
          <int_val name="Labels" value="1"/>
        
          <str_val name="Rev" value="2000"/>
        
          <str_val name="Visible" value="1"/>
        
          <str_val name="DockedTo" value="TBDock1"/>
        
          <str_val name="LastDock" value="TBDock1"/>
        
          <str_val name="DockRow" value="1"/>
        
          <str_val name="DockPos" value="522"/>
        
          <str_val name="FloatLeft" value="0"/>
        
          <str_val name="FloatTop" value="0"/>
        
          <str_val name="FloatRightX" value="0"/>
        </key>
      
        <key name="WindowsBar">
          <int_val name="Labels" value="1"/>
        
          <str_val name="Rev" value="2000"/>
        
          <str_val name="Visible" value="1"/>
        
          <str_val name="DockedTo" value="TBDock1"/>
        
          <str_val name="LastDock" value="TBDock1"/>
        
          <str_val name="DockRow" value="1"/>
        
          <str_val name="DockPos" value="970"/>
        
          <str_val name="FloatLeft" value="0"/>
        
          <str_val name="FloatTop" value="0"/>
        
          <str_val name="FloatRightX" value="0"/>
        </key>
      </key>
    </key>
  
    <key name="FileViewer">
      <int_val name="ContextLines" value="6"/>
    
      <str_val name="Font" value="Courier New;9"/>
    
      <str_val name="Text0" value="$000000;$FFFFFF"/>
    
      <str_val name="Text1" value="$FF0000;$FFF0F0"/>
    
      <str_val name="Text2" value="$0000FF;$F0F0FF"/>
    
      <str_val name="Text3" value="$0000FF;$F0F0FF"/>
    
      <str_val name="Text4" value="$808000;$A8FFFF;I"/>
    
      <int_val name="NotDifferentFG" value="-16777208"/>
    
      <int_val name="SelectedBG" value="13434828"/>
    
      <bool_val name="UseStripes" value="0"/>
    
      <int_val name="StripeColor" value="14680040"/>
    
      <int_val name="MissingColor" value="12632256"/>
    
      <bool_val name="Crosshatch" value="1"/>
    
      <bool_val name="SaveState" value="1"/>
    
      <bool_val name="SpaceIndent" value="0"/>
    
      <bool_val name="OpenToFirstDiff" value="1"/>
    
      <bool_val name="CopyBothOverUnder" value="1"/>
    
      <int_val name="ComparePriority" value="2"/>
    
      <int_val name="StateFlags" value="394225"/>
    
      <str_val name="AsWebPageMasks" value="*.html;*.htm;*.xml;*.php;*.asp;*.jpg;*.gif"/>
    
      <bool_val name="IgnoreUnicodeErrors" value="0"/>
    
      <bool_val name="ReadonlyOnError" value="0"/>
    
      <bool_val name="KeepReadonlyOnSave" value="1"/>
    
      <bool_val name="BDSCurrentOnLeft" value="0"/>
    
      <key name="Menu">
        <int_val name="Cut" value="50266112"/>
      
        <int_val name="CopyToClipboard" value="50266112"/>
      
        <int_val name="Paste" value="50266112"/>
      
        <int_val name="FindAgain" value="50266112"/>
      
        <int_val name="IgnoreUnimportant" value="50266112"/>
      
        <int_val name="SideBySide" value="50266112"/>
      
        <int_val name="OverUnder" value="50266112"/>
      
        <int_val name="ShowWhitespace" value="50266112"/>
      
        <int_val name="ShowLineNumbers" value="50266112"/>
      
        <int_val name="LineDetails" value="50266112"/>
      </key>
    
      <key name="Toolbars">
        <key name="EditBar">
          <int_val name="Labels" value="1"/>
        
          <str_val name="Rev" value="2000"/>
        
          <str_val name="Visible" value="1"/>
        
          <str_val name="DockedTo" value="TBDock1"/>
        
          <str_val name="LastDock" value="TBDock1"/>
        
          <str_val name="DockRow" value="2"/>
        
          <str_val name="DockPos" value="2"/>
        
          <str_val name="FloatLeft" value="0"/>
        
          <str_val name="FloatTop" value="0"/>
        
          <str_val name="FloatRightX" value="0"/>
        </key>
      
        <key name="FilterBar">
          <int_val name="Labels" value="1"/>
        
          <str_val name="Rev" value="2000"/>
        
          <str_val name="Visible" value="1"/>
        
          <str_val name="DockedTo" value="TBDock1"/>
        
          <str_val name="LastDock" value="TBDock1"/>
        
          <str_val name="DockRow" value="2"/>
        
          <str_val name="DockPos" value="0"/>
        
          <str_val name="FloatLeft" value="0"/>
        
          <str_val name="FloatTop" value="0"/>
        
          <str_val name="FloatRightX" value="0"/>
        </key>
      
        <key name="MainMenuBar">
          <str_val name="Rev" value="2000"/>
        
          <str_val name="Visible" value="1"/>
        
          <str_val name="DockedTo" value="TBDock1"/>
        
          <str_val name="LastDock" value="TBDock1"/>
        
          <str_val name="DockRow" value="0"/>
        
          <str_val name="DockPos" value="-4"/>
        
          <str_val name="FloatLeft" value="0"/>
        
          <str_val name="FloatTop" value="0"/>
        
          <str_val name="FloatRightX" value="0"/>
        </key>
      
        <key name="SearchBar">
          <int_val name="Labels" value="1"/>
        
          <str_val name="Rev" value="2000"/>
        
          <str_val name="Visible" value="1"/>
        
          <str_val name="DockedTo" value="TBDock1"/>
        
          <str_val name="LastDock" value="TBDock1"/>
        
          <str_val name="DockRow" value="2"/>
        
          <str_val name="DockPos" value="1"/>
        
          <str_val name="FloatLeft" value="0"/>
        
          <str_val name="FloatTop" value="0"/>
        
          <str_val name="FloatRightX" value="0"/>
        </key>
      
        <key name="Toolbar1">
          <str_val name="Rev" value="2000"/>
        
          <str_val name="Visible" value="1"/>
        
          <str_val name="DockedTo" value="Header1Dock"/>
        
          <str_val name="LastDock" value="Header1Dock"/>
        
          <str_val name="DockRow" value="0"/>
        
          <str_val name="DockPos" value="-1"/>
        
          <str_val name="FloatLeft" value="0"/>
        
          <str_val name="FloatTop" value="0"/>
        
          <str_val name="FloatRightX" value="0"/>
        </key>
      
        <key name="Toolbar2">
          <str_val name="Rev" value="2000"/>
        
          <str_val name="Visible" value="1"/>
        
          <str_val name="DockedTo" value="Header2Dock"/>
        
          <str_val name="LastDock" value="Header2Dock"/>
        
          <str_val name="DockRow" value="0"/>
        
          <str_val name="DockPos" value="-1"/>
        
          <str_val name="FloatLeft" value="0"/>
        
          <str_val name="FloatTop" value="0"/>
        
          <str_val name="FloatRightX" value="0"/>
        </key>
      
        <key name="ViewBar">
          <int_val name="Labels" value="1"/>
        
          <str_val name="Rev" value="2000"/>
        
          <str_val name="Visible" value="1"/>
        
          <str_val name="DockedTo" value="TBDock1"/>
        
          <str_val name="LastDock" value="TBDock1"/>
        
          <str_val name="DockRow" value="2"/>
        
          <str_val name="DockPos" value="3"/>
        
          <str_val name="FloatLeft" value="0"/>
        
          <str_val name="FloatTop" value="0"/>
        
          <str_val name="FloatRightX" value="0"/>
        </key>
      
        <key name="WindowsBar">
          <int_val name="Labels" value="1"/>
        
          <str_val name="Rev" value="2000"/>
        
          <str_val name="Visible" value="0"/>
        
          <str_val name="DockedTo" value="TBDock1"/>
        
          <str_val name="LastDock" value="TBDock1"/>
        
          <str_val name="DockRow" value="2"/>
        
          <str_val name="DockPos" value="598"/>
        
          <str_val name="FloatLeft" value="0"/>
        
          <str_val name="FloatTop" value="0"/>
        
          <str_val name="FloatRightX" value="0"/>
        </key>
      </key>
    </key>
  
    <key name="FTP">
      <bool_val name="UseFirewall" value="0"/>
    
      <str_val name="ProxyHost" value=""/>
    
      <str_val name="ProxyUsername" value=""/>
    
      <str_val name="ProxyPassword" value=""/>
    
      <int_val name="ProxyPort" value="21"/>
    
      <int_val name="ProxyType" value="0"/>
    
      <bool_val name="PASVMode" value="0"/>
    
      <str_val name="EMail" value="BCUser@"/>
    
      <int_val name="LinkResolution" value="0"/>
    
      <str_val name="ASCIIMasks" value="*.1st;*.asp;*.bat;*.c;*.cgi;*.conf;*.cpp;*.css;*.diz;*.h;*.hpp;*.htm;*.html;*.ini;*.jav;*.java;*.js;*.nfo;*.pas;*.php;*.pl;*.py;*.txt;.htaccess;.htpasswd"/>
    
      <int_val name="TransferType" value="2"/>
    
      <int_val name="NameMangling" value="0"/>
    
      <bool_val name="DetailedTimestamps" value="0"/>
    
      <bool_val name="PromptOnInitialFTP" value="1"/>
    
      <bool_val name="AutoReconnect" value="0"/>
    
      <int_val name="ListOpts" value="0"/>
    
      <str_val name="ListOptions" value=""/>
    
      <bool_val name="FTPStripVMSVersions" value="0"/>
    
      <bool_val name="LastDontSave" value="0"/>
    
      <int_val name="Timeout" value="120"/>
    
      <str_val name="AfterLogin" value=""/>
    
      <bool_val name="UseCompression" value="0"/>
    
      <key name="WebEquiv"/>
    </key>
  
    <key name="Snapshot">
      <bool_val name="CRC" value="1"/>
    
      <bool_val name="StoreVersion" value="0"/>
    
      <bool_val name="ExpandArchives" value="0"/>
    
      <bool_val name="UseFilters" value="1"/>
    </key>
  
    <key name="OpenWith">
      <str_val name="记事本" value="notepad.exe"/>
    
      <key name="Menu"/>
    </key>
  
    <key name="Filters">
      <str_val name="1" value="所有文件 (*.*)"/>
    
      <str_val name="2" value="C++ 源码 (*.cpp;*.hpp;*.c;*.h)"/>
    
      <str_val name="3" value="Delphi源码 (*.pas;*.dfm;*.dpr;*.inc)"/>
    
      <str_val name="4" value="HTML 源码 (*.htm;*.html;*.xml;*.jpg;*.gif;*.png)"/>
    
      <str_val name="5" value="Java 源码 (*.java;*.jj;*.jjt)"/>
    
      <str_val name="6" value="排除SVN文件 (-.svn\)"/>
    </key>
  
    <key name="Scripting">
      <bool_val name="BeepWhenDone" value="0"/>
    
      <bool_val name="CloseWhenDone" value="0"/>
    
      <str_val name="SharedPath" value=""/>
    </key>
  
    <key name="Plugins">
      <key name="Data Viewer">
        <str_val name="Text0" value="$000000;$FFFFFF"/>
      
        <str_val name="Text1" value="$FF0000;$FFF0F0"/>
      
        <str_val name="Text2" value="$0000FF;$F0F0FF"/>
      
        <str_val name="Text3" value="$006C00;$EFFAF1"/>
      
        <int_val name="NotDifferentFG" value="-16777208"/>
      
        <int_val name="SelectedBG" value="13434828"/>
      
        <int_val name="StripeColor" value="14680040"/>
      
        <int_val name="MissingColor" value="12632256"/>
      
        <int_val name="UseStripes" value="0"/>
      
        <int_val name="Crosshatch" value="1"/>
      
        <int_val name="HorizLines" value="0"/>
      
        <str_val name="ViewerFont" value="Courier New;9"/>
      </key>
    
      <key name="Hex Viewer">
        <int_val name="ExactFGColor" value="-16777208"/>
      
        <int_val name="ExactBGColor" value="-16777211"/>
      
        <int_val name="SelFGColor" value="-16777208"/>
      
        <int_val name="SelBGColor" value="13434828"/>
      
        <int_val name="DiffFGColor" value="255"/>
      
        <int_val name="DiffBGColor" value="15921919"/>
      
        <int_val name="SelDiffFGColor" value="255"/>
      
        <int_val name="SelDiffBGColor" value="13434828"/>
      
        <int_val name="HorizLines" value="0"/>
      
        <str_val name="ViewerFont" value="宋体;9"/>
      
        <int_val name="BytesPerLine" value="16"/>
      
        <int_val name="LineOffsets" value="0"/>
      
        <int_val name="AlignMode" value="2"/>
      
        <int_val name="ImMemoryLimit" value="2"/>
      </key>
    </key>
  </preferences>
</bc_settings>
