<bc_settings>
  <rules>
    <list name="C/C++/C# 源码">
      <str_val name="RulesClass" value="TFreeForm1Rules"/>
    
      <str_val name="FileTypes" value="*.cpp;*.hpp;*.c;*.h;*.cs"/>
    
      <str_val name="Version" value=""/>
    
      <int_val name="Tab" value="4"/>
    
      <int_val name="Speed" value="6"/>
    
      <int_val name="CodePage" value="0"/>
    
      <int_val name="Case" value="1"/>
    
      <str_val name="WS" value="-LTEB"/>
    
      <list name="Classify">
        <wstr_val name="-Delim" value="/*%00*/%00M"/>
      
        <wstr_val name="-Delim" value="//%00%00"/>
      
        <wstr_val name="+Delim" value="%22%00%22%00E\"/>
      
        <wstr_val name="+Delim" value="'%00'%00E\"/>
      </list>
    </list>
  
    <list name="COBOL">
      <str_val name="RulesClass" value="TFreeForm1Rules"/>
    
      <str_val name="FileTypes" value="*.cbl;*.cpy*;*.cob"/>
    
      <str_val name="Version" value=""/>
    
      <int_val name="Tab" value="0"/>
    
      <int_val name="Speed" value="10"/>
    
      <int_val name="CodePage" value="0"/>
    
      <str_val name="WS" value="-LTEB"/>
    
      <list name="Classify">
        <int_val name="-Col" value="65542"/>
      
        <int_val name="-Col" value="4784208"/>
      
        <wstr_val name="-RE" value="^......\x{2A}.*"/>
      
        <wstr_val name="+Delim" value="%22%00%22%00"/>
      
        <wstr_val name="+Delim" value="'%00'%00"/>
      
        <wstr_val name="+RE" value="^......\-.*\%22.*\%22"/>
      
        <wstr_val name="+RE" value="^......\-.*\'.*\'"/>
      
        <wstr_val name="+Delim" value="'%00%00"/>
      
        <wstr_val name="+Delim" value="%22%00%00"/>
      
        <list name="LW">
          <wstr_val name="E" value="^......\s+IDENTIFICATION\s+DIVISION\s*\x{2E}\s*"/>
        
          <int_val name="W" value="500"/>
        </list>
      
        <list name="LW">
          <wstr_val name="E" value="^......\s+CONFIGURATION\s+SECTION\s*\x{2E}\s*"/>
        
          <int_val name="W" value="400"/>
        </list>
      
        <list name="LW">
          <wstr_val name="E" value="^......\s+DATA\s+DIVISION\s*\x{2E}\s*"/>
        
          <int_val name="W" value="500"/>
        </list>
      
        <list name="LW">
          <wstr_val name="E" value="^......\s+PROGRAM-ID\s*\x{2E}\s*"/>
        
          <int_val name="W" value="300"/>
        </list>
      
        <list name="LW">
          <wstr_val name="E" value="^......\s+INSTALLATION\s*\x{2E}\s*"/>
        
          <int_val name="W" value="300"/>
        </list>
      
        <list name="LW">
          <wstr_val name="E" value="^......\s+DATE-WRITTEN\s*\x{2E}\s*"/>
        
          <int_val name="W" value="300"/>
        </list>
      
        <list name="LW">
          <wstr_val name="E" value="^......\s+DATE-COMPILED\s*\x{2E}\s*"/>
        
          <int_val name="W" value="300"/>
        </list>
      
        <list name="LW">
          <wstr_val name="E" value="^......\s+ENVIRONMENT\s+DIVISION\s*\x{2E}\s*"/>
        
          <int_val name="W" value="500"/>
        </list>
      
        <list name="LW">
          <wstr_val name="E" value="^......\s+SOURCE-COMPUTER\s*\x{2E}\s*"/>
        
          <int_val name="W" value="300"/>
        </list>
      
        <list name="LW">
          <wstr_val name="E" value="^......\s+OBJECT-COMPUTER\s*\x{2E}\s*"/>
        
          <int_val name="W" value="300"/>
        </list>
      
        <list name="LW">
          <wstr_val name="E" value="^......\s+WORKING-STORAGE\s+SECTION\s*\x{2E}\s*"/>
        
          <int_val name="W" value="400"/>
        </list>
      
        <list name="LW">
          <wstr_val name="E" value="^......\s+LINKAGE\s+SECTION\s*\x{2E}\s*"/>
        
          <int_val name="W" value="400"/>
        </list>
      
        <list name="LW">
          <wstr_val name="E" value="^......\s+FILE\s+SECTION\s*\x{2E}\s*"/>
        
          <int_val name="W" value="400"/>
        </list>
      
        <list name="LW">
          <wstr_val name="E" value="^......\s+01\s+"/>
        
          <int_val name="W" value="100"/>
        </list>
      
        <list name="LW">
          <wstr_val name="E" value="^......\s+FD\s+"/>
        
          <int_val name="W" value="200"/>
        </list>
      
        <list name="LW">
          <wstr_val name="E" value="^......\s+SELECT\s+"/>
        
          <int_val name="W" value="200"/>
        </list>
      
        <list name="LW">
          <wstr_val name="E" value="\s+SECTION\s+"/>
        
          <int_val name="W" value="200"/>
        </list>
      
        <list name="LW">
          <wstr_val name="E" value="^......\s+PROCEDURE\s+DIVISION(\s*\x{2E}\s*|\s*)"/>
        
          <int_val name="W" value="500"/>
        </list>
      </list>
    </list>
  
    <list name="逗号分隔文本文件">
      <str_val name="RulesClass" value="TFreeForm1Rules"/>
    
      <str_val name="FileTypes" value="*.csv"/>
    
      <str_val name="Version" value=""/>
    
      <int_val name="Tab" value="8"/>
    
      <int_val name="Speed" value="6"/>
    
      <int_val name="CodePage" value="0"/>
    
      <str_val name="WS" value="-LTEB"/>
    
      <list name="Classify">
        <wstr_val name="+Delim" value="%22%00%22%00M"/>
      </list>
    </list>
  
    <list name="Delphi源码">
      <str_val name="RulesClass" value="TFreeForm1Rules"/>
    
      <str_val name="FileTypes" value="*.pas;*.dpr"/>
    
      <str_val name="Version" value=""/>
    
      <int_val name="Tab" value="4"/>
    
      <int_val name="Speed" value="6"/>
    
      <int_val name="CodePage" value="0"/>
    
      <str_val name="WS" value="-LTEB"/>
    
      <list name="Classify">
        <wstr_val name="-Delim" value="{%00}%00M"/>
      
        <wstr_val name="-Delim" value="(*%00*)%00M"/>
      
        <wstr_val name="-Delim" value="//%00%00"/>
      
        <wstr_val name="+Delim" value="'%00'%00"/>
      
        <list name="LW">
          <wstr_val name="E" value="^\s*begin\s*$"/>
        
          <int_val name="W" value="5"/>
        </list>
      
        <list name="LW">
          <wstr_val name="E" value="^\s*end;?\s*^"/>
        
          <int_val name="W" value="5"/>
        </list>
      
        <list name="LW">
          <wstr_val name="E" value="^\s*(procedure|function)"/>
        
          <int_val name="W" value="500"/>
        </list>
      
        <list name="LW">
          <wstr_val name="E" value="=\s*class\s*\(.*\)"/>
        
          <int_val name="W" value="1000"/>
        </list>
      </list>
    </list>
  
    <list name="Delphi窗体">
      <str_val name="RulesClass" value="TFreeForm1Rules"/>
    
      <str_val name="FileTypes" value="*.dfm"/>
    
      <str_val name="Version" value=""/>
    
      <int_val name="Tab" value="4"/>
    
      <int_val name="Speed" value="5"/>
    
      <int_val name="CodePage" value="0"/>
    
      <str_val name="WS" value="-LTEB"/>
    
      <list name="Classify">
        <wstr_val name="+Delim" value="'%00'%00"/>
      </list>
    </list>
  
    <list name="一般文件">
      <str_val name="RulesClass" value="TFreeForm1Rules"/>
    
      <str_val name="FileTypes" value="*.txt"/>
    
      <str_val name="Version" value=""/>
    
      <int_val name="Tab" value="8"/>
    
      <int_val name="Speed" value="6"/>
    
      <int_val name="CodePage" value="0"/>
    
      <int_val name="Case" value="1"/>
    
      <str_val name="WS" value="-B"/>
    
      <list name="Classify"/>
    </list>
  
    <list name="HTML 网页">
      <str_val name="RulesClass" value="TFreeForm1Rules"/>
    
      <str_val name="FileTypes" value="*.htm;*.html"/>
    
      <str_val name="Version" value=""/>
    
      <int_val name="Tab" value="8"/>
    
      <int_val name="Speed" value="6"/>
    
      <int_val name="CodePage" value="0"/>
    
      <str_val name="WS" value="-LTEB"/>
    
      <list name="Classify">
        <wstr_val name="-Delim" value="%3C!--%00--%3E%00M"/>
      
        <wstr_val name="+Delim" value="%22%00%22%00M"/>
      </list>
    </list>
  
    <list name="Java 源码">
      <str_val name="RulesClass" value="TFreeForm1Rules"/>
    
      <str_val name="FileTypes" value="*.java;*.jav"/>
    
      <str_val name="Version" value=""/>
    
      <int_val name="Tab" value="8"/>
    
      <int_val name="Speed" value="6"/>
    
      <int_val name="CodePage" value="0"/>
    
      <int_val name="Case" value="1"/>
    
      <str_val name="WS" value="-LTEB"/>
    
      <list name="Classify">
        <wstr_val name="-Delim" value="/*%00*/%00M"/>
      
        <wstr_val name="-Delim" value="//%00%00"/>
      
        <wstr_val name="+Delim" value="%22%00%22%00E\"/>
      </list>
    </list>
  
    <list name="Python 源码">
      <str_val name="RulesClass" value="TFreeForm1Rules"/>
    
      <str_val name="FileTypes" value="*.py"/>
    
      <str_val name="Version" value=""/>
    
      <int_val name="Tab" value="8"/>
    
      <int_val name="Speed" value="5"/>
    
      <int_val name="CodePage" value="0"/>
    
      <str_val name="WS" value="-TEB"/>
    
      <list name="Classify">
        <wstr_val name="-Delim" value="#%00%00"/>
      
        <wstr_val name="+Delim" value="%22%00%22%00M"/>
      
        <list name="LW">
          <wstr_val name="E" value="^\s*def\s+.*\(.*\)"/>
        
          <int_val name="W" value="500"/>
        </list>
      </list>
    </list>
  
    <list name="注册表及ini文件">
      <str_val name="RulesClass" value="TFreeForm1Rules"/>
    
      <str_val name="FileTypes" value="*.reg;*.ini"/>
    
      <str_val name="Version" value=""/>
    
      <int_val name="Tab" value="8"/>
    
      <int_val name="Speed" value="6"/>
    
      <int_val name="CodePage" value="0"/>
    
      <str_val name="WS" value="-LTEB"/>
    
      <list name="Classify">
        <wstr_val name="+Delim" value="%22%00%22%00M"/>
      
        <list name="LW">
          <wstr_val name="E" value="^\[.*\]$"/>
        
          <int_val name="W" value="1000"/>
        </list>
      </list>
    </list>
  
    <list name="UTF8 文本文件">
      <str_val name="RulesClass" value="TFreeForm1Rules"/>
    
      <str_val name="FileTypes" value="*.utf"/>
    
      <str_val name="Version" value=""/>
    
      <int_val name="Tab" value="8"/>
    
      <int_val name="Speed" value="6"/>
    
      <int_val name="CodePage" value="65001"/>
    
      <int_val name="Case" value="1"/>
    
      <str_val name="WS" value="-B"/>
    
      <list name="Classify"/>
    </list>
  
    <list name="Visual Basic 源码">
      <str_val name="RulesClass" value="TFreeForm1Rules"/>
    
      <str_val name="FileTypes" value="*.bas;*.frm;*.cls;*.vbp;*.ctl;*.vbs"/>
    
      <str_val name="Version" value=""/>
    
      <int_val name="Tab" value="8"/>
    
      <int_val name="Speed" value="5"/>
    
      <int_val name="CodePage" value="0"/>
    
      <str_val name="WS" value="-LTEB"/>
    
      <list name="Classify">
        <wstr_val name="-Delim" value="'%00%00"/>
      
        <wstr_val name="-RE" value="^\d+\s"/>
      
        <wstr_val name="+Delim" value="%22%00%22%00M"/>
      
        <list name="LW">
          <wstr_val name="E" value="^(public|private)?\s*(static)?\s*(sub|function)\s*\(.*\)"/>
        
          <int_val name="W" value="500"/>
        </list>
      </list>
    </list>
  
    <list name="XML 网页">
      <str_val name="RulesClass" value="TFreeForm1Rules"/>
    
      <str_val name="FileTypes" value="*.xml;*.xsl"/>
    
      <str_val name="Version" value=""/>
    
      <int_val name="Tab" value="4"/>
    
      <int_val name="Speed" value="5"/>
    
      <int_val name="CodePage" value="0"/>
    
      <int_val name="Case" value="1"/>
    
      <str_val name="WS" value="-LTEB"/>
    
      <list name="Classify">
        <wstr_val name="-Delim" value="%3C!--%00--%3E%00M"/>
      
        <wstr_val name="+Delim" value="%22%00%22%00M"/>
      </list>
    </list>
  
    <list name="所有文件">
      <str_val name="RulesClass" value="TFreeForm1Rules"/>
    
      <str_val name="FileTypes" value="*.*"/>
    
      <str_val name="Version" value=""/>
    
      <int_val name="Tab" value="8"/>
    
      <int_val name="Speed" value="6"/>
    
      <int_val name="CodePage" value="0"/>
    
      <int_val name="Case" value="1"/>
    
      <str_val name="WS" value="-B"/>
    
      <list name="Classify"/>
    </list>
  </rules>
</bc_settings>
